{ "0" : [1.1288312673568726,1.2201884984970093], 
"1" : [0.8740546703338623, 1.1188578605651855],
 "2" : [0.8212447166442871,1.0029462575912476],
 "3" : [0.7870513796806335,1.0440130233764648],
 "4":  [0.7632648348808289,0.9599459171295166],
 "5" : [0.7190762758255005,0.923350989818573],
 "6" : [0.6896114945411682,0.9091106057167053], 
 "7" : [0.670930027961731,0.850971519947052], 
 "8" : [0.650844156742096, 0.8089917302131653],
 "9" : [0.6315408945083618, 0.8054068684577942],
 "10" : [0.6115955710411072,0.809660911560058], 
 "11" : [0.600419819355011,0.8281343579292297], 
 "12" : [0.5899800062179565, 0.8347412943840027], 
 "13" : [0.5804622769355774,0.8000863194465637], 
 "14" : [0.5634409189224243,0.7462625503540039], 
 "15" : [0.5658663511276245,0.8298213481903076], 
 "16" : [0.5552471280097961,0.7638287544250488], 
 "17" : [0.5482487082481384,0.8182746767997742], 
 "18" : [0.5350640416145325,0.7646735310554504],
 "19" : [0.5221542716026306,0.7933056354522705], 
 "20" : [0.544014573097229,0.7436107993125916], 
 "21" : [0.5133910179138184, 0.7475409507751465], 
 "22" : [0.5122402310371399, 0.7487550377845764], 
 "23" : [0.49248966574668884,0.7798829078674316], 
 "24" : [0.4824276864528656,0.7695940136909485]
}